confidence_bucket,count,precision,avg_raw_confidence,avg_calibrated_confidence
HIGH,35,0.7142857142857143,0.8113052415210688,0.8113052415210688
MEDIUM,3,0.3333333333333333,0.75,0.75
LOW,2,0.5,0.20753986443079184,0.20753986443079184
